GRID DEGREE,GRID SIZE,NUM TYPES,INITIALIZATION,UTILITY,STEPS,evenness,# colorful edges,Is max (evenness),Is max (# colorful edges)
CIRCLE_WORLD,400,2,random_init,BinaryDiversityUtility,29.3,0.001515897530982651,0.7976666666666666,1,0
CIRCLE_WORLD,400,2,random_init,TypeCountingDiversityUtility,29.3,0.001515897530982651,0.7976666666666666,0,0
CIRCLE_WORLD,400,2,random_init,DifferenceCountDiversityUtility,48.5,0.0014001707930271347,0.8929166666666665,0,1
CIRCLE_WORLD,400,2,random_init,AvgDiffTypeCountingDiversityUtility,48.5,0.0014001707930271347,0.8929166666666665,0,0
CIRCLE_WORLD,400,2,schelling_random_init,BinaryDiversityUtility,65.16666666666667,0.0014173165633608138,0.8510000000000002,1,0
CIRCLE_WORLD,400,2,schelling_random_init,TypeCountingDiversityUtility,65.16666666666667,0.0014173165633608138,0.8510000000000002,0,0
CIRCLE_WORLD,400,2,schelling_random_init,DifferenceCountDiversityUtility,80.0,0.001351676095525334,0.924625,0,1
CIRCLE_WORLD,400,2,schelling_random_init,AvgDiffTypeCountingDiversityUtility,80.0,0.001351676095525334,0.924625,0,0
CIRCLE_WORLD,400,3,random_init,BinaryDiversityUtility,16.133333333333333,0.0,0.8278333333333333,1,0
CIRCLE_WORLD,400,3,random_init,TypeCountingDiversityUtility,47.4,0.0,0.9832083333333334,0,0
CIRCLE_WORLD,400,3,random_init,DifferenceCountDiversityUtility,47.833333333333336,0.0,0.9870833333333334,0,0
CIRCLE_WORLD,400,3,random_init,AvgDiffTypeCountingDiversityUtility,54.0,0.0,1.0,0,1
CIRCLE_WORLD,400,3,schelling_random_init,BinaryDiversityUtility,56.2,0.0,0.8335416666666667,1,0
CIRCLE_WORLD,400,3,schelling_random_init,TypeCountingDiversityUtility,86.56666666666666,0.0,0.9847500000000001,0,0
CIRCLE_WORLD,400,3,schelling_random_init,DifferenceCountDiversityUtility,87.43333333333334,0.0,0.9902083333333334,0,0
CIRCLE_WORLD,400,3,schelling_random_init,AvgDiffTypeCountingDiversityUtility,92.86666666666666,0.0,1.0,0,1
CIRCLE_WORLD,400,4,random_init,BinaryDiversityUtility,9.7,0.0,0.8494166666666667,1,0
CIRCLE_WORLD,400,4,random_init,TypeCountingDiversityUtility,38.63333333333333,0.0,0.9935000000000002,0,0
CIRCLE_WORLD,400,4,random_init,DifferenceCountDiversityUtility,38.63333333333333,0.0,0.9960416666666667,0,0
CIRCLE_WORLD,400,4,random_init,AvgDiffTypeCountingDiversityUtility,40.733333333333334,0.0,1.0,0,1
CIRCLE_WORLD,400,4,schelling_random_init,BinaryDiversityUtility,52.63333333333333,0.0,0.8180833333333333,1,0
CIRCLE_WORLD,400,4,schelling_random_init,TypeCountingDiversityUtility,87.16666666666667,0.0,0.9905833333333334,0,0
CIRCLE_WORLD,400,4,schelling_random_init,DifferenceCountDiversityUtility,87.83333333333333,0.0,0.99625,0,0
CIRCLE_WORLD,400,4,schelling_random_init,AvgDiffTypeCountingDiversityUtility,89.86666666666666,0.0,1.0,0,1
CIRCLE_WORLD,400,5,random_init,BinaryDiversityUtility,6.333333333333333,0.0,0.8633333333333334,1,0
CIRCLE_WORLD,400,5,random_init,TypeCountingDiversityUtility,33.06666666666667,0.0,0.9967916666666667,0,0
CIRCLE_WORLD,400,5,random_init,DifferenceCountDiversityUtility,33.03333333333333,0.0,0.9979166666666667,0,0
CIRCLE_WORLD,400,5,random_init,AvgDiffTypeCountingDiversityUtility,34.06666666666667,0.0,1.0,0,1
CIRCLE_WORLD,400,5,schelling_random_init,BinaryDiversityUtility,49.233333333333334,0.0,0.8046666666666668,1,0
CIRCLE_WORLD,400,5,schelling_random_init,TypeCountingDiversityUtility,87.36666666666666,0.0,0.9945833333333333,0,0
CIRCLE_WORLD,400,5,schelling_random_init,DifferenceCountDiversityUtility,87.66666666666667,0.0,0.9975833333333334,0,0
CIRCLE_WORLD,400,5,schelling_random_init,AvgDiffTypeCountingDiversityUtility,89.13333333333334,0.0,1.0,0,1
CIRCLE_WORLD,400,6,random_init,BinaryDiversityUtility,4.633333333333334,0.0,0.8795833333333333,1,0
CIRCLE_WORLD,400,6,random_init,TypeCountingDiversityUtility,28.166666666666668,0.0,0.9970416666666666,0,0
CIRCLE_WORLD,400,6,random_init,DifferenceCountDiversityUtility,28.066666666666666,0.0,0.9977083333333333,0,0
CIRCLE_WORLD,400,6,random_init,AvgDiffTypeCountingDiversityUtility,29.233333333333334,0.0,1.0,0,1
CIRCLE_WORLD,400,6,schelling_random_init,BinaryDiversityUtility,47.2,0.0,0.7943333333333332,1,0
CIRCLE_WORLD,400,6,schelling_random_init,TypeCountingDiversityUtility,87.53333333333333,0.0,0.995875,0,0
CIRCLE_WORLD,400,6,schelling_random_init,DifferenceCountDiversityUtility,87.76666666666667,0.0,0.9982083333333331,0,0
CIRCLE_WORLD,400,6,schelling_random_init,AvgDiffTypeCountingDiversityUtility,88.7,0.0,1.0,0,1
CIRCLE_WORLD,400,7,random_init,BinaryDiversityUtility,3.3666666666666667,0.0,0.8923333333333333,1,0
CIRCLE_WORLD,400,7,random_init,TypeCountingDiversityUtility,24.433333333333334,0.0,0.9973333333333333,0,0
CIRCLE_WORLD,400,7,random_init,DifferenceCountDiversityUtility,24.266666666666666,0.0,0.9979583333333334,0,0
CIRCLE_WORLD,400,7,random_init,AvgDiffTypeCountingDiversityUtility,25.3,0.0,1.0,0,1
CIRCLE_WORLD,400,7,schelling_random_init,BinaryDiversityUtility,45.6,0.0,0.7878750000000001,1,0
CIRCLE_WORLD,400,7,schelling_random_init,TypeCountingDiversityUtility,86.93333333333334,0.0,0.9944999999999999,0,0
CIRCLE_WORLD,400,7,schelling_random_init,DifferenceCountDiversityUtility,87.4,0.0,0.99825,0,0
CIRCLE_WORLD,400,7,schelling_random_init,AvgDiffTypeCountingDiversityUtility,88.36666666666666,0.0,1.0,0,1
CIRCLE_WORLD,400,8,random_init,BinaryDiversityUtility,2.6333333333333333,0.0,0.9014166666666666,1,0
CIRCLE_WORLD,400,8,random_init,TypeCountingDiversityUtility,21.8,0.0,0.9968750000000001,0,0
CIRCLE_WORLD,400,8,random_init,DifferenceCountDiversityUtility,21.7,0.0,0.99775,0,0
CIRCLE_WORLD,400,8,random_init,AvgDiffTypeCountingDiversityUtility,22.866666666666667,0.0,1.0,0,1
CIRCLE_WORLD,400,8,schelling_random_init,BinaryDiversityUtility,45.1,0.0,0.7882500000000001,1,0
CIRCLE_WORLD,400,8,schelling_random_init,TypeCountingDiversityUtility,86.73333333333333,0.0,0.9963333333333332,0,0
CIRCLE_WORLD,400,8,schelling_random_init,DifferenceCountDiversityUtility,86.93333333333334,0.0,0.9985833333333335,0,0
CIRCLE_WORLD,400,8,schelling_random_init,AvgDiffTypeCountingDiversityUtility,87.66666666666667,0.0,1.0,0,1
CYLINDER_WORLD,2x200,2,random_init,BinaryDiversityUtility,16.933333333333334,0.0007861835996989723,0.6739444444444443,1,0
CYLINDER_WORLD,2x200,2,random_init,TypeCountingDiversityUtility,16.933333333333334,0.0007861835996989723,0.6739444444444443,0,0
CYLINDER_WORLD,2x200,2,random_init,DifferenceCountDiversityUtility,62.36666666666667,0.0006295792320912767,0.9002777777777776,0,1
CYLINDER_WORLD,2x200,2,random_init,AvgDiffTypeCountingDiversityUtility,62.36666666666667,0.0006295792320912767,0.9002777777777776,0,0
CYLINDER_WORLD,2x200,2,schelling_random_init,BinaryDiversityUtility,66.16666666666667,0.0006922935714842134,0.766388888888889,1,0
CYLINDER_WORLD,2x200,2,schelling_random_init,TypeCountingDiversityUtility,66.16666666666667,0.0006922935714842134,0.766388888888889,0,0
CYLINDER_WORLD,2x200,2,schelling_random_init,DifferenceCountDiversityUtility,96.73333333333333,0.0005880515219976135,0.9458333333333331,0,1
CYLINDER_WORLD,2x200,2,schelling_random_init,AvgDiffTypeCountingDiversityUtility,96.73333333333333,0.0005880515219976135,0.9458333333333331,0,0
CYLINDER_WORLD,2x200,3,random_init,BinaryDiversityUtility,5.6,0.0014869678817852627,0.7233888888888889,1,0
CYLINDER_WORLD,2x200,3,random_init,TypeCountingDiversityUtility,59.766666666666666,0.0012641944011840026,0.9560555555555558,0,0
CYLINDER_WORLD,2x200,3,random_init,DifferenceCountDiversityUtility,62.9,0.001195707630733499,0.979388888888889,0,0
CYLINDER_WORLD,2x200,3,random_init,AvgDiffTypeCountingDiversityUtility,67.86666666666666,0.0011927255232913687,0.9861666666666665,0,1
CYLINDER_WORLD,2x200,3,schelling_random_init,BinaryDiversityUtility,52.833333333333336,0.0012253527638854797,0.6921666666666667,1,0
CYLINDER_WORLD,2x200,3,schelling_random_init,TypeCountingDiversityUtility,115.8,0.001186435549799432,0.9647777777777777,0,0
CYLINDER_WORLD,2x200,3,schelling_random_init,DifferenceCountDiversityUtility,107.0,0.0010364280207406122,0.9903333333333333,0,0
CYLINDER_WORLD,2x200,3,schelling_random_init,AvgDiffTypeCountingDiversityUtility,111.6,0.001038338497730118,0.9973333333333334,0,1
CYLINDER_WORLD,2x200,4,random_init,BinaryDiversityUtility,2.566666666666667,0.0,0.7783888888888889,1,0
CYLINDER_WORLD,2x200,4,random_init,TypeCountingDiversityUtility,51.43333333333333,0.0,0.9887222222222223,0,0
CYLINDER_WORLD,2x200,4,random_init,DifferenceCountDiversityUtility,52.4,0.0,0.9946111111111112,0,0
CYLINDER_WORLD,2x200,4,random_init,AvgDiffTypeCountingDiversityUtility,58.3,0.0,1.0,0,1
CYLINDER_WORLD,2x200,4,schelling_random_init,BinaryDiversityUtility,43.2,0.0,0.6457222222222224,1,0
CYLINDER_WORLD,2x200,4,schelling_random_init,TypeCountingDiversityUtility,116.63333333333334,0.0,0.9869999999999999,0,0
CYLINDER_WORLD,2x200,4,schelling_random_init,DifferenceCountDiversityUtility,108.03333333333333,0.0,0.9960555555555555,0,0
CYLINDER_WORLD,2x200,4,schelling_random_init,AvgDiffTypeCountingDiversityUtility,111.9,0.0,1.0,0,1
CYLINDER_WORLD,2x200,5,random_init,BinaryDiversityUtility,1.2666666666666666,0.0,0.811111111111111,1,0
CYLINDER_WORLD,2x200,5,random_init,TypeCountingDiversityUtility,45.5,0.0,0.9954444444444444,0,0
CYLINDER_WORLD,2x200,5,random_init,DifferenceCountDiversityUtility,45.13333333333333,0.0,0.9975555555555558,0,0
CYLINDER_WORLD,2x200,5,random_init,AvgDiffTypeCountingDiversityUtility,48.3,0.0,1.0,0,1
CYLINDER_WORLD,2x200,5,schelling_random_init,BinaryDiversityUtility,35.7,0.0,0.6177222222222223,1,0
CYLINDER_WORLD,2x200,5,schelling_random_init,TypeCountingDiversityUtility,114.63333333333334,0.0,0.9937777777777779,0,0
CYLINDER_WORLD,2x200,5,schelling_random_init,DifferenceCountDiversityUtility,105.7,0.0,0.9968888888888892,0,0
CYLINDER_WORLD,2x200,5,schelling_random_init,AvgDiffTypeCountingDiversityUtility,108.7,0.0,1.0,0,1
CYLINDER_WORLD,2x200,6,random_init,BinaryDiversityUtility,0.5333333333333333,0.0,0.838388888888889,1,0
CYLINDER_WORLD,2x200,6,random_init,TypeCountingDiversityUtility,39.06666666666667,0.0,0.9971666666666666,0,0
CYLINDER_WORLD,2x200,6,random_init,DifferenceCountDiversityUtility,38.36666666666667,0.0,0.997888888888889,0,0
CYLINDER_WORLD,2x200,6,random_init,AvgDiffTypeCountingDiversityUtility,40.6,0.0,1.0,0,1
CYLINDER_WORLD,2x200,6,schelling_random_init,BinaryDiversityUtility,29.933333333333334,0.0,0.6061111111111112,1,0
CYLINDER_WORLD,2x200,6,schelling_random_init,TypeCountingDiversityUtility,110.96666666666667,0.0,0.9970000000000001,0,0
CYLINDER_WORLD,2x200,6,schelling_random_init,DifferenceCountDiversityUtility,103.0,0.0,0.9977222222222224,0,0
CYLINDER_WORLD,2x200,6,schelling_random_init,AvgDiffTypeCountingDiversityUtility,105.4,0.0,1.0,0,1
CYLINDER_WORLD,2x200,7,random_init,BinaryDiversityUtility,0.43333333333333335,0.0,0.862,1,0
CYLINDER_WORLD,2x200,7,random_init,TypeCountingDiversityUtility,33.666666666666664,0.0,0.9980000000000001,0,0
CYLINDER_WORLD,2x200,7,random_init,DifferenceCountDiversityUtility,33.56666666666667,0.0,0.9988333333333334,0,0
CYLINDER_WORLD,2x200,7,random_init,AvgDiffTypeCountingDiversityUtility,35.2,0.0,1.0,0,1
CYLINDER_WORLD,2x200,7,schelling_random_init,BinaryDiversityUtility,26.133333333333333,0.0,0.5955,1,0
CYLINDER_WORLD,2x200,7,schelling_random_init,TypeCountingDiversityUtility,107.9,0.0,0.9977222222222223,0,0
CYLINDER_WORLD,2x200,7,schelling_random_init,DifferenceCountDiversityUtility,101.3,0.0,0.9982222222222225,0,0
CYLINDER_WORLD,2x200,7,schelling_random_init,AvgDiffTypeCountingDiversityUtility,103.5,0.0,1.0,0,1
CYLINDER_WORLD,2x200,8,random_init,BinaryDiversityUtility,0.16666666666666666,0.0,0.878,1,0
CYLINDER_WORLD,2x200,8,random_init,TypeCountingDiversityUtility,30.0,0.0,0.997888888888889,0,0
CYLINDER_WORLD,2x200,8,random_init,DifferenceCountDiversityUtility,30.033333333333335,0.0,0.9986666666666668,0,0
CYLINDER_WORLD,2x200,8,random_init,AvgDiffTypeCountingDiversityUtility,31.633333333333333,0.0,1.0,0,1
CYLINDER_WORLD,2x200,8,schelling_random_init,BinaryDiversityUtility,21.866666666666667,0.0,0.5919999999999999,1,0
CYLINDER_WORLD,2x200,8,schelling_random_init,TypeCountingDiversityUtility,105.93333333333334,0.0,0.9981111111111112,0,0
CYLINDER_WORLD,2x200,8,schelling_random_init,DifferenceCountDiversityUtility,100.43333333333334,0.0,0.998777777777778,0,0
CYLINDER_WORLD,2x200,8,schelling_random_init,AvgDiffTypeCountingDiversityUtility,102.36666666666666,0.0,1.0,0,1
GRID_4DEG_WORLD,20x20,2,random_init,BinaryDiversityUtility,8.4,0.001967737670884125,0.58325,1,0
GRID_4DEG_WORLD,20x20,2,random_init,TypeCountingDiversityUtility,8.4,0.001967737670884125,0.58325,0,0
GRID_4DEG_WORLD,20x20,2,random_init,DifferenceCountDiversityUtility,78.7,0.0014462234392110596,0.8935833333333334,0,1
GRID_4DEG_WORLD,20x20,2,random_init,AvgDiffTypeCountingDiversityUtility,78.7,0.0014462234392110596,0.8935833333333334,0,0
GRID_4DEG_WORLD,20x20,2,schelling_random_init,BinaryDiversityUtility,41.3,0.0018132021928502753,0.6005000000000001,1,0
GRID_4DEG_WORLD,20x20,2,schelling_random_init,TypeCountingDiversityUtility,41.3,0.0018132021928502753,0.6005000000000001,0,0
GRID_4DEG_WORLD,20x20,2,schelling_random_init,DifferenceCountDiversityUtility,99.33333333333333,0.0014367914951149568,0.8974166666666665,0,1
GRID_4DEG_WORLD,20x20,2,schelling_random_init,AvgDiffTypeCountingDiversityUtility,99.33333333333333,0.0014367914951149568,0.8974166666666665,0,0
GRID_4DEG_WORLD,20x20,3,random_init,BinaryDiversityUtility,2.033333333333333,0.000937446316439484,0.6869583333333333,1,0
GRID_4DEG_WORLD,20x20,3,random_init,TypeCountingDiversityUtility,55.1,0.0008106569777271414,0.9061666666666667,0,0
GRID_4DEG_WORLD,20x20,3,random_init,DifferenceCountDiversityUtility,69.46666666666667,0.0007276425814973686,0.96475,0,0
GRID_4DEG_WORLD,20x20,3,random_init,AvgDiffTypeCountingDiversityUtility,74.16666666666667,0.0007355006092280341,0.9679166666666668,0,1
GRID_4DEG_WORLD,20x20,3,schelling_random_init,BinaryDiversityUtility,30.3,0.0008069464536492152,0.5567916666666667,1,0
GRID_4DEG_WORLD,20x20,3,schelling_random_init,TypeCountingDiversityUtility,104.7,0.0007588980997160502,0.9152083333333334,0,0
GRID_4DEG_WORLD,20x20,3,schelling_random_init,DifferenceCountDiversityUtility,111.8,0.0006720696709716765,0.9744166666666665,0,0
GRID_4DEG_WORLD,20x20,3,schelling_random_init,AvgDiffTypeCountingDiversityUtility,115.66666666666667,0.0006791962180210947,0.9798333333333334,0,1
GRID_4DEG_WORLD,20x20,4,random_init,BinaryDiversityUtility,0.3333333333333333,0.00142709921762605,0.7540416666666666,1,0
GRID_4DEG_WORLD,20x20,4,random_init,TypeCountingDiversityUtility,62.36666666666667,0.001245222673756403,0.9778749999999999,0,0
GRID_4DEG_WORLD,20x20,4,random_init,DifferenceCountDiversityUtility,65.56666666666666,0.0011925806635204237,0.9925416666666667,0,0
GRID_4DEG_WORLD,20x20,4,random_init,AvgDiffTypeCountingDiversityUtility,75.83333333333333,0.0011977745069978948,0.9980833333333334,0,1
GRID_4DEG_WORLD,20x20,4,schelling_random_init,BinaryDiversityUtility,24.633333333333333,0.0011432863178120057,0.5377083333333332,0,0
GRID_4DEG_WORLD,20x20,4,schelling_random_init,TypeCountingDiversityUtility,116.3,0.0011651120819335318,0.975125,1,0
GRID_4DEG_WORLD,20x20,4,schelling_random_init,DifferenceCountDiversityUtility,115.73333333333333,0.0010281122277242928,0.9927499999999999,0,0
GRID_4DEG_WORLD,20x20,4,schelling_random_init,AvgDiffTypeCountingDiversityUtility,122.9,0.0010544262937444585,0.9984583333333333,0,1
GRID_4DEG_WORLD,20x20,5,random_init,BinaryDiversityUtility,0.1,0.0,0.8004583333333333,1,0
GRID_4DEG_WORLD,20x20,5,random_init,TypeCountingDiversityUtility,55.3,0.0,0.9909583333333333,0,0
GRID_4DEG_WORLD,20x20,5,random_init,DifferenceCountDiversityUtility,55.86666666666667,0.0,0.9970833333333332,0,0
GRID_4DEG_WORLD,20x20,5,random_init,AvgDiffTypeCountingDiversityUtility,61.266666666666666,0.0,1.0,0,1
GRID_4DEG_WORLD,20x20,5,schelling_random_init,BinaryDiversityUtility,19.933333333333334,0.0,0.521,1,0
GRID_4DEG_WORLD,20x20,5,schelling_random_init,TypeCountingDiversityUtility,118.3,0.0,0.9893750000000001,0,0
GRID_4DEG_WORLD,20x20,5,schelling_random_init,DifferenceCountDiversityUtility,114.76666666666667,0.0,0.9967083333333334,0,0
GRID_4DEG_WORLD,20x20,5,schelling_random_init,AvgDiffTypeCountingDiversityUtility,119.03333333333333,0.0,1.0,0,1
GRID_4DEG_WORLD,20x20,6,random_init,BinaryDiversityUtility,0.03333333333333333,0.0,0.8340833333333333,1,0
GRID_4DEG_WORLD,20x20,6,random_init,TypeCountingDiversityUtility,48.53333333333333,0.0,0.9939166666666667,0,0
GRID_4DEG_WORLD,20x20,6,random_init,DifferenceCountDiversityUtility,48.733333333333334,0.0,0.998375,0,0
GRID_4DEG_WORLD,20x20,6,random_init,AvgDiffTypeCountingDiversityUtility,52.2,0.0,1.0,0,1
GRID_4DEG_WORLD,20x20,6,schelling_random_init,BinaryDiversityUtility,16.166666666666668,0.0,0.5202083333333333,1,0
GRID_4DEG_WORLD,20x20,6,schelling_random_init,TypeCountingDiversityUtility,116.86666666666666,0.0,0.9919166666666667,0,0
GRID_4DEG_WORLD,20x20,6,schelling_random_init,DifferenceCountDiversityUtility,113.0,0.0,0.9977083333333333,0,0
GRID_4DEG_WORLD,20x20,6,schelling_random_init,AvgDiffTypeCountingDiversityUtility,116.6,0.0,1.0,0,1
GRID_4DEG_WORLD,20x20,7,random_init,BinaryDiversityUtility,0.0,0.0,0.8614166666666667,1,0
GRID_4DEG_WORLD,20x20,7,random_init,TypeCountingDiversityUtility,42.266666666666666,0.0,0.9962916666666666,0,0
GRID_4DEG_WORLD,20x20,7,random_init,DifferenceCountDiversityUtility,41.86666666666667,0.0,0.9983333333333333,0,0
GRID_4DEG_WORLD,20x20,7,random_init,AvgDiffTypeCountingDiversityUtility,44.666666666666664,0.0,1.0,0,1
GRID_4DEG_WORLD,20x20,7,schelling_random_init,BinaryDiversityUtility,13.133333333333333,0.0,0.5207499999999999,1,0
GRID_4DEG_WORLD,20x20,7,schelling_random_init,TypeCountingDiversityUtility,114.66666666666667,0.0,0.9953749999999999,0,0
GRID_4DEG_WORLD,20x20,7,schelling_random_init,DifferenceCountDiversityUtility,109.73333333333333,0.0,0.9984583333333333,0,0
GRID_4DEG_WORLD,20x20,7,schelling_random_init,AvgDiffTypeCountingDiversityUtility,114.56666666666666,0.0,1.0,0,1
GRID_4DEG_WORLD,20x20,8,random_init,BinaryDiversityUtility,0.0,0.0,0.8738333333333334,1,0
GRID_4DEG_WORLD,20x20,8,random_init,TypeCountingDiversityUtility,39.1,0.0,0.9968750000000001,0,0
GRID_4DEG_WORLD,20x20,8,random_init,DifferenceCountDiversityUtility,38.96666666666667,0.0,0.998625,0,0
GRID_4DEG_WORLD,20x20,8,random_init,AvgDiffTypeCountingDiversityUtility,41.333333333333336,0.0,1.0,0,1
GRID_4DEG_WORLD,20x20,8,schelling_random_init,BinaryDiversityUtility,10.933333333333334,0.0,0.5269999999999999,1,0
GRID_4DEG_WORLD,20x20,8,schelling_random_init,TypeCountingDiversityUtility,112.13333333333334,0.0,0.997,0,0
GRID_4DEG_WORLD,20x20,8,schelling_random_init,DifferenceCountDiversityUtility,108.6,0.0,0.998875,0,0
GRID_4DEG_WORLD,20x20,8,schelling_random_init,AvgDiffTypeCountingDiversityUtility,110.73333333333333,0.0,1.0,0,1
GRID_8DEG_WORLD,20x20,2,random_init,BinaryDiversityUtility,0.26666666666666666,0.002223425235278165,0.5014583333333332,1,0
GRID_8DEG_WORLD,20x20,2,random_init,TypeCountingDiversityUtility,0.26666666666666666,0.002223425235278165,0.5014583333333332,0,0
GRID_8DEG_WORLD,20x20,2,random_init,DifferenceCountDiversityUtility,71.43333333333334,0.002132664119326639,0.6865000000000002,0,1
GRID_8DEG_WORLD,20x20,2,random_init,AvgDiffTypeCountingDiversityUtility,71.43333333333334,0.002132664119326639,0.6865000000000002,0,0
GRID_8DEG_WORLD,20x20,2,schelling_random_init,BinaryDiversityUtility,18.866666666666667,0.0019910005535986397,0.4264166666666667,0,0
GRID_8DEG_WORLD,20x20,2,schelling_random_init,TypeCountingDiversityUtility,18.866666666666667,0.0019910005535986397,0.4264166666666667,0,0
GRID_8DEG_WORLD,20x20,2,schelling_random_init,DifferenceCountDiversityUtility,89.4,0.0021202498768680667,0.690875,1,1
GRID_8DEG_WORLD,20x20,2,schelling_random_init,AvgDiffTypeCountingDiversityUtility,89.4,0.0021202498768680667,0.690875,0,0
GRID_8DEG_WORLD,20x20,3,random_init,BinaryDiversityUtility,0.0,0.0011268278661433753,0.6676666666666666,0,0
GRID_8DEG_WORLD,20x20,3,random_init,TypeCountingDiversityUtility,6.233333333333333,0.0011526936831723488,0.6996458333333332,1,0
GRID_8DEG_WORLD,20x20,3,random_init,DifferenceCountDiversityUtility,74.03333333333333,0.001132909375666417,0.8381041666666668,0,1
GRID_8DEG_WORLD,20x20,3,random_init,AvgDiffTypeCountingDiversityUtility,72.13333333333334,0.001132263636216911,0.8380208333333333,0,0
GRID_8DEG_WORLD,20x20,3,schelling_random_init,BinaryDiversityUtility,23.033333333333335,0.0007628697795967331,0.42093749999999996,0,0
GRID_8DEG_WORLD,20x20,3,schelling_random_init,TypeCountingDiversityUtility,58.3,0.0009704721749156241,0.6602291666666666,0,0
GRID_8DEG_WORLD,20x20,3,schelling_random_init,DifferenceCountDiversityUtility,135.1,0.0010954646980491198,0.8454583333333333,0,1
GRID_8DEG_WORLD,20x20,3,schelling_random_init,AvgDiffTypeCountingDiversityUtility,117.06666666666666,0.0011055157205338247,0.8444375,1,0
GRID_8DEG_WORLD,20x20,4,random_init,BinaryDiversityUtility,0.0,0.0018148678807241234,0.7503958333333334,0,0
GRID_8DEG_WORLD,20x20,4,random_init,TypeCountingDiversityUtility,25.2,0.0019206668759193476,0.8306875000000001,1,0
GRID_8DEG_WORLD,20x20,4,random_init,DifferenceCountDiversityUtility,86.2,0.0018950984943550207,0.9220625000000001,0,0
GRID_8DEG_WORLD,20x20,4,random_init,AvgDiffTypeCountingDiversityUtility,83.8,0.001899502734323735,0.9232916666666668,0,1
GRID_8DEG_WORLD,20x20,4,schelling_random_init,BinaryDiversityUtility,10.333333333333334,0.0012156384448246528,0.47375000000000006,0,0
GRID_8DEG_WORLD,20x20,4,schelling_random_init,TypeCountingDiversityUtility,76.96666666666667,0.001749228210298767,0.8199166666666667,0,0
GRID_8DEG_WORLD,20x20,4,schelling_random_init,DifferenceCountDiversityUtility,148.93333333333334,0.0018651638099773187,0.9282083333333333,1,0
GRID_8DEG_WORLD,20x20,4,schelling_random_init,AvgDiffTypeCountingDiversityUtility,149.23333333333332,0.0018621075642333083,0.929,0,1
GRID_8DEG_WORLD,20x20,5,random_init,BinaryDiversityUtility,0.0,0.0006540030611277709,0.7998333333333334,0,0
GRID_8DEG_WORLD,20x20,5,random_init,TypeCountingDiversityUtility,47.96666666666667,0.0007081037855150132,0.9159583333333334,1,0
GRID_8DEG_WORLD,20x20,5,random_init,DifferenceCountDiversityUtility,84.56666666666666,0.000701272478913,0.9586041666666666,0,0
GRID_8DEG_WORLD,20x20,5,random_init,AvgDiffTypeCountingDiversityUtility,98.7,0.0007057104989024811,0.9661041666666664,0,1
GRID_8DEG_WORLD,20x20,5,schelling_random_init,BinaryDiversityUtility,8.7,0.0004027593060272426,0.49581250000000004,0,0
GRID_8DEG_WORLD,20x20,5,schelling_random_init,TypeCountingDiversityUtility,105.16666666666667,0.000666639893684062,0.9133958333333331,0,0
GRID_8DEG_WORLD,20x20,5,schelling_random_init,DifferenceCountDiversityUtility,157.63333333333333,0.0006829805547851672,0.9645208333333334,0,0
GRID_8DEG_WORLD,20x20,5,schelling_random_init,AvgDiffTypeCountingDiversityUtility,175.96666666666667,0.0006916600868207889,0.9716874999999999,1,1
GRID_8DEG_WORLD,20x20,6,random_init,BinaryDiversityUtility,0.0,0.0008678019941257264,0.8330208333333335,0,0
GRID_8DEG_WORLD,20x20,6,random_init,TypeCountingDiversityUtility,62.7,0.0009643908995765466,0.9608749999999999,1,0
GRID_8DEG_WORLD,20x20,6,random_init,DifferenceCountDiversityUtility,83.6,0.0009504852162999666,0.9814375000000001,0,0
GRID_8DEG_WORLD,20x20,6,random_init,AvgDiffTypeCountingDiversityUtility,109.73333333333333,0.0009553597380901672,0.9913333333333333,0,1
GRID_8DEG_WORLD,20x20,6,schelling_random_init,BinaryDiversityUtility,12.733333333333333,0.0004422774172464145,0.44762500000000005,0,0
GRID_8DEG_WORLD,20x20,6,schelling_random_init,TypeCountingDiversityUtility,131.86666666666667,0.0009165720626868443,0.9558333333333333,0,0
GRID_8DEG_WORLD,20x20,6,schelling_random_init,DifferenceCountDiversityUtility,181.9,0.0009194464518329378,0.9855416666666665,0,0
GRID_8DEG_WORLD,20x20,6,schelling_random_init,AvgDiffTypeCountingDiversityUtility,186.76666666666668,0.0009391043343556816,0.9940625,1,1
GRID_8DEG_WORLD,20x20,7,random_init,BinaryDiversityUtility,0.0,0.0010976758284325853,0.8587499999999999,0,0
GRID_8DEG_WORLD,20x20,7,random_init,TypeCountingDiversityUtility,65.0,0.0012291844742737736,0.9791875,1,0
GRID_8DEG_WORLD,20x20,7,random_init,DifferenceCountDiversityUtility,78.06666666666666,0.001219895855764954,0.9905624999999999,0,0
GRID_8DEG_WORLD,20x20,7,random_init,AvgDiffTypeCountingDiversityUtility,101.03333333333333,0.0012259924143053936,0.9985625000000001,0,1
GRID_8DEG_WORLD,20x20,7,schelling_random_init,BinaryDiversityUtility,5.4,0.0006351503637312128,0.5409999999999999,0,0
GRID_8DEG_WORLD,20x20,7,schelling_random_init,TypeCountingDiversityUtility,131.63333333333333,0.0011896132641114896,0.9778958333333334,0,0
GRID_8DEG_WORLD,20x20,7,schelling_random_init,DifferenceCountDiversityUtility,158.63333333333333,0.0011796707074043739,0.9920833333333333,0,0
GRID_8DEG_WORLD,20x20,7,schelling_random_init,AvgDiffTypeCountingDiversityUtility,183.63333333333333,0.0012045927329894337,0.9989583333333336,1,1
GRID_8DEG_WORLD,20x20,8,random_init,BinaryDiversityUtility,0.0,0.001329271247170189,0.8738125,0,0
GRID_8DEG_WORLD,20x20,8,random_init,TypeCountingDiversityUtility,64.0,0.0015103580475312104,0.9883541666666668,1,0
GRID_8DEG_WORLD,20x20,8,random_init,DifferenceCountDiversityUtility,72.53333333333333,0.0014999795277240442,0.9950833333333333,0,0
GRID_8DEG_WORLD,20x20,8,random_init,AvgDiffTypeCountingDiversityUtility,89.4,0.0015063993534676571,0.9997916666666666,0,1
GRID_8DEG_WORLD,20x20,8,schelling_random_init,BinaryDiversityUtility,3.966666666666667,0.000759051680211247,0.556875,0,0
GRID_8DEG_WORLD,20x20,8,schelling_random_init,TypeCountingDiversityUtility,134.0,0.001458743297104719,0.9873541666666666,0,0
GRID_8DEG_WORLD,20x20,8,schelling_random_init,DifferenceCountDiversityUtility,155.56666666666666,0.0014343917250776183,0.9953333333333333,0,0
GRID_8DEG_WORLD,20x20,8,schelling_random_init,AvgDiffTypeCountingDiversityUtility,174.13333333333333,0.001468445211194752,0.9998750000000001,1,1
